Date,Solar Irradiance,Temperature,Humidity,Wind Speed,Clear Sky Irradiance
20240101,2.73,14.04,39.75,2.41,3.84
20240102,3.34,13.57,39.81,2.37,3.92
20240103,3.14,12.88,39.56,2.43,3.97
20240104,2.74,12.16,43.5,2.27,3.88
20240105,3.25,12.33,44.62,1.96,3.69
20240106,3.6,13.24,47.5,2.16,3.67
20240107,2.99,12.73,59.06,2.38,3.83
20240108,1.61,12.95,60.88,2.23,3.41
20240109,3.46,12.87,54.69,2.48,3.85
20240110,4.11,12.73,49.69,2.0,4.09
20240111,4.36,14.44,37.25,1.53,4.36
20240112,4.43,15.41,30.62,1.7,4.44
20240113,4.19,17.37,23.94,1.23,4.47
20240114,3.07,15.15,31.19,1.74,4.22
20240115,4.11,15.11,28.94,1.3,4.23
20240116,4.03,15.45,30.0,1.34,4.19
20240117,3.03,15.23,31.31,2.27,3.74
20240118,3.56,14.85,34.56,1.94,3.9
20240119,4.07,15.0,36.5,1.87,4.15
20240120,4.19,15.46,36.12,1.7,4.19
20240121,3.3,16.07,36.81,1.81,4.31
20240122,4.13,17.56,34.88,1.89,4.22
20240123,2.68,17.36,34.62,1.55,4.12
20240124,3.06,14.05,38.5,1.48,4.13
20240125,3.58,14.57,34.56,2.16,4.44
20240126,3.08,15.76,30.5,1.62,4.28
20240127,3.16,17.22,29.88,1.38,4.28
20240128,3.0,18.54,31.88,1.32,4.15
20240129,3.53,18.92,39.75,1.41,3.92
20240130,2.47,19.22,43.69,1.18,3.72
20240131,4.14,20.79,41.94,1.54,4.19
20240201,4.5,18.37,26.81,2.23,4.78
20240202,4.07,17.26,27.75,2.87,4.48
20240203,2.49,18.26,36.69,2.63,4.19
20240204,3.84,17.54,65.62,2.1,4.38
20240205,4.67,16.25,53.62,1.63,4.68
20240206,4.51,16.89,32.88,3.28,4.65
20240207,4.42,17.33,32.75,2.78,4.65
20240208,4.29,16.42,38.12,1.41,5.22
20240209,5.16,17.5,25.81,1.91,5.34
20240210,5.15,16.97,22.38,2.38,5.47
20240211,5.51,16.83,23.12,1.8,5.48
20240212,3.01,16.4,23.0,1.85,5.1
20240213,3.79,16.54,20.88,2.17,4.97
20240214,5.05,17.94,17.81,1.72,5.16
20240215,4.99,18.55,20.31,1.59,5.33
20240216,5.17,19.65,22.06,1.69,5.45
20240217,5.47,21.14,19.38,1.74,5.46
20240218,4.62,21.54,18.88,3.59,5.33
20240219,4.51,22.58,46.25,5.7,4.81
20240220,5.31,18.48,33.12,2.32,5.39
20240221,5.41,19.31,26.0,2.3,5.59
20240222,5.76,18.07,24.06,1.98,5.82
20240223,5.69,18.02,24.56,1.91,5.92
20240224,5.51,18.48,17.94,1.73,6.01
20240225,5.33,17.76,28.38,2.61,5.65
20240226,3.83,18.91,38.5,4.17,5.29
20240227,5.53,18.42,49.44,3.91,5.55
20240228,5.56,19.8,45.12,1.97,5.9
20240229,5.42,22.9,31.62,2.15,5.59
20240301,3.46,22.58,33.69,3.41,5.5
20240302,5.65,17.64,41.06,5.16,6.09
20240303,6.45,13.27,22.69,2.92,6.76
20240304,6.31,15.28,17.62,1.48,6.59
20240305,4.54,15.73,19.25,2.41,6.14
20240306,5.0,18.08,21.44,1.88,6.12
20240307,5.99,20.58,24.38,1.73,6.32
20240308,6.03,19.71,27.75,2.29,6.4
20240309,6.26,21.08,22.69,2.05,6.46
20240310,4.85,23.48,18.62,1.73,6.16
20240311,6.29,24.46,25.81,1.69,6.3
20240312,6.28,24.45,26.81,1.54,6.26
20240313,6.17,23.86,31.75,2.73,6.28
20240314,6.63,22.76,26.44,1.68,6.64
20240315,6.69,23.19,28.62,2.02,6.66
20240316,6.82,24.26,20.94,1.74,6.8
20240317,5.96,24.25,16.38,2.21,6.79
20240318,6.64,25.67,17.69,1.45,6.71
20240319,6.81,27.08,19.06,2.79,6.82
20240320,6.59,27.18,18.69,2.1,6.93
20240321,6.43,29.65,16.69,2.37,6.75
20240322,6.66,29.1,23.56,2.13,6.67
20240323,5.91,29.87,25.12,1.72,6.51
20240324,5.9,30.58,24.75,1.94,6.13
20240325,5.74,30.08,26.0,2.55,6.44
20240326,5.6,32.3,23.56,2.15,6.11
20240327,6.24,32.44,31.56,3.41,6.45
20240328,5.98,30.73,32.0,3.22,6.64
20240329,6.65,30.08,33.69,3.1,6.89
20240330,7.07,28.03,24.88,4.23,7.19
20240331,6.83,27.73,32.19,2.4,6.9
20240401,6.37,27.51,24.25,2.25,6.86
20240402,5.4,30.53,14.31,1.35,6.99
20240403,5.95,30.04,19.94,1.66,6.88
20240404,6.17,29.41,22.88,1.91,6.85
20240405,4.66,29.33,29.44,2.18,6.18
20240406,6.89,30.19,30.38,1.12,7.14
20240407,7.37,32.28,16.88,1.73,7.46
20240408,7.35,32.71,12.69,1.74,7.48
20240409,6.01,33.31,11.56,1.06,7.03
20240410,6.76,33.2,12.19,1.31,7.11
20240411,6.3,33.12,12.94,1.48,7.12
20240412,5.56,32.3,22.5,2.93,6.77
20240413,4.71,31.75,32.5,2.27,5.61
20240414,4.97,26.03,55.62,2.76,6.58
20240415,5.26,27.05,51.56,2.33,7.28
20240416,6.94,28.77,41.62,1.82,7.17
20240417,4.99,30.13,31.06,1.62,7.1
20240418,5.05,30.81,29.75,3.8,7.02
20240419,6.53,28.96,38.25,4.64,7.25
20240420,6.69,29.15,38.25,1.98,7.62
20240421,6.54,31.0,31.0,1.81,7.43
20240422,7.35,32.04,22.0,1.66,7.63
20240423,7.78,32.0,19.19,2.12,7.86
20240424,7.71,32.48,19.38,1.77,7.83
20240425,6.95,32.83,21.38,1.71,7.54
20240426,7.52,32.54,24.56,3.38,7.56
20240427,7.36,31.48,28.31,3.24,7.49
20240428,6.44,32.08,27.88,1.9,7.39
20240429,7.78,29.62,15.5,4.02,7.91
20240430,7.72,27.65,12.19,3.49,8.04
20240501,8.01,27.65,26.0,2.21,8.1
20240502,7.46,30.63,15.25,1.24,8.05
20240503,5.45,32.19,12.0,2.23,7.42
20240504,7.45,33.15,22.38,3.35,7.52
20240505,7.57,33.56,25.0,2.48,7.7
20240506,7.21,35.7,20.69,2.3,7.61
20240507,7.43,36.83,17.31,2.52,7.82
20240508,7.8,37.45,17.38,1.81,7.97
20240509,7.32,37.45,19.38,3.09,7.81
20240510,7.42,37.26,23.19,4.62,7.58
20240511,6.41,35.7,28.38,2.18,6.97
20240512,7.41,35.86,25.06,3.67,7.59
20240513,7.03,36.32,20.88,1.82,7.57
20240514,7.03,36.62,22.75,2.24,7.59
20240515,7.23,37.46,21.75,2.38,7.7
20240516,7.14,38.07,18.19,3.26,7.64
20240517,7.38,38.4,16.0,2.99,7.7
20240518,7.42,38.23,15.31,4.63,7.74
20240519,7.02,37.74,18.56,3.12,7.56
20240520,7.44,37.57,16.31,4.79,7.61
20240521,7.56,38.07,23.31,2.31,7.92
20240522,7.92,40.39,14.12,1.81,8.09
20240523,7.8,39.9,10.88,1.8,8.0
20240524,7.46,39.2,15.44,2.23,7.97
20240525,7.29,40.36,16.5,2.35,7.63
20240526,7.22,41.05,14.94,3.52,7.73
20240527,7.87,40.08,11.69,3.41,8.11
20240528,8.26,39.73,9.62,5.02,8.35
20240529,8.09,37.2,12.12,4.53,8.35
20240530,7.86,37.73,28.69,5.7,8.27
20240531,7.7,37.75,29.75,6.02,7.98
20240601,7.42,36.58,29.0,4.98,7.72
20240602,6.97,37.69,32.94,3.83,6.98
20240603,6.9,38.42,24.5,4.19,6.93
20240604,7.04,37.94,27.44,6.18,7.08
20240605,6.88,37.34,36.62,6.33,6.92
20240607,6.73,36.97,36.5,2.73,6.74
20240608,6.74,37.85,26.81,1.66,6.74
20240609,6.78,38.08,25.31,1.88,6.8
20240610,6.86,38.69,21.31,1.93,6.87
20240611,6.9,38.87,21.19,2.45,6.92
20240612,6.94,38.25,29.81,5.12,6.94
20240613,6.82,37.85,31.19,5.51,6.84
20240614,6.82,37.3,34.0,5.26,6.83
20240615,6.79,37.48,33.44,4.21,6.83
20240616,6.76,38.4,34.5,4.48,6.79
20240617,6.78,39.02,31.62,5.62,6.79
20240618,6.8,38.4,31.62,6.43,6.82
20240619,6.8,38.35,34.94,5.91,6.85
20240621,6.66,36.76,39.38,2.73,6.77
20240622,6.72,38.05,30.44,1.75,6.72
20240623,6.81,39.17,25.31,1.76,6.83
20240624,6.84,39.99,21.88,1.9,6.84
20240625,6.64,40.19,23.88,1.91,6.76
20240630,6.55,36.04,52.06,4.84,6.58
